{"cameraMode":{"drawMode":0,"name":"Shaded","section":"Shading Mode"},"sceneLighting":true,"audioPlay":true,"sceneViewState":{"m_AlwaysRefresh":false,"showFog":true,"showSkybox":true,"showFlares":true,"showImageEffects":true,"showParticleSystems":true,"showVisualEffectGraphs":true,"m_FxEnabled":true},"in2DMode":false,"pivot":{"x":-1.8160440921783448,"y":1.4297688007354737,"z":-0.7818878293037415},"rotation":{"x":-0.035937923938035968,"y":0.9520607590675354,"z":-0.27770042419433596,"w":-0.12321081012487412},"size":8.890792846679688,"orthographic":false}