{"cameraMode":{"drawMode":0,"name":"Shaded","section":"Shading Mode"},"sceneLighting":true,"audioPlay":true,"sceneViewState":{"m_AlwaysRefresh":false,"showFog":true,"showSkybox":true,"showFlares":true,"showImageEffects":true,"showParticleSystems":true,"showVisualEffectGraphs":true,"m_FxEnabled":true},"in2DMode":false,"pivot":{"x":0.05132293701171875,"y":0.9812922477722168,"z":-0.3392829895019531},"rotation":{"x":-0.09835097938776016,"y":0.9001469612121582,"z":-0.2713720500469208,"w":-0.32623475790023806},"size":4.284365177154541,"orthographic":false}